{"cameraMode":{"drawMode":0,"name":"Shaded","section":"Shading Mode"},"sceneLighting":false,"audioPlay":false,"sceneViewState":{"showFog":false,"showMaterialUpdate":false,"showSkybox":false,"showFlares":false,"showImageEffects":false,"showParticleSystems":false},"in2DMode":false,"pivot":{"x":15.166522026062012,"y":-14.713558197021485,"z":8.349176406860352},"rotation":{"x":-0.4132358133792877,"y":-0.31637880206108096,"z":0.15572340786457063,"w":-0.8395869135856628},"size":20.200714111328126,"orthographic":false}