{"cameraMode":{"drawMode":0,"name":"Shaded","section":"Shading Mode"},"sceneLighting":false,"audioPlay":false,"sceneViewState":{"m_AlwaysRefresh":false,"showFog":false,"showSkybox":false,"showFlares":false,"showImageEffects":false,"showParticleSystems":false,"showVisualEffectGraphs":true,"m_FxEnabled":false},"in2DMode":false,"pivot":{"x":-3.0547380447387697e-7,"y":0.6282283067703247,"z":-1.7136335372924806e-7},"rotation":{"x":-0.03820260241627693,"y":0.9607465863227844,"z":-0.21610864996910096,"w":-0.17031675577163697},"size":0.6379315257072449,"orthographic":false}