{"cameraMode":{"drawMode":0,"name":"Shaded","section":"Shading Mode"},"sceneLighting":false,"audioPlay":false,"sceneViewState":{"m_AlwaysRefresh":false,"showFog":false,"showSkybox":false,"showFlares":false,"showImageEffects":false,"showParticleSystems":false,"showVisualEffectGraphs":true,"m_FxEnabled":false},"in2DMode":false,"pivot":{"x":0.14902883768081666,"y":1.1712138652801514,"z":-0.05402117967605591},"rotation":{"x":-0.04581499472260475,"y":-0.0840221643447876,"z":0.003414265578612685,"w":-0.995553731918335},"size":1.1490058898925782,"orthographic":false}