{"cameraMode":{"drawMode":0,"name":"Shaded","section":"Shading Mode"},"sceneLighting":false,"audioPlay":false,"sceneViewState":{"m_AlwaysRefresh":false,"showFog":false,"showSkybox":false,"showFlares":false,"showImageEffects":false,"showParticleSystems":false,"showVisualEffectGraphs":true,"m_FxEnabled":false},"in2DMode":false,"pivot":{"x":-0.20997938513755799,"y":0.0614662766456604,"z":0.05611160397529602},"rotation":{"x":-0.19327282905578614,"y":-0.7534528374671936,"z":0.2523772120475769,"w":-0.5757778882980347},"size":0.8391112089157105,"orthographic":false}