{"cameraMode":{"drawMode":0,"name":"Shaded","section":"Shading Mode"},"sceneLighting":false,"audioPlay":false,"sceneViewState":{"m_AlwaysRefresh":false,"showFog":false,"showSkybox":false,"showFlares":false,"showImageEffects":false,"showParticleSystems":false,"showVisualEffectGraphs":true,"m_FxEnabled":false},"in2DMode":false,"pivot":{"x":0.21734604239463807,"y":0.0614662766456604,"z":0.0007467977702617645},"rotation":{"x":0.19640964269638062,"y":0.6515703201293945,"z":-0.17973372340202332,"w":0.7105052471160889},"size":0.8341918587684631,"orthographic":false}